"","text","favorited","favoriteCount","replyToSN","created","truncated","replyToSID","id","replyToUID","statusSource","screenName","retweetCount","isRetweet","retweeted","longitude","latitude"
"1","Nerding out at @ets_conference. About to watch a panel: ""Disaster Management and the Texas Energy System""... #TXenergy",FALSE,0,NA,2015-03-26 19:16:59,FALSE,NA,"581173015616069632",NA,"<a href=""http://twitter.com"" rel=""nofollow"">Twitter Web Client</a>","Jmalewitz",0,FALSE,FALSE,NA,NA
"2","Enjoy the live #ETS15 stream of the closing day! http://t.co/IVOwY2ebUt",FALSE,0,NA,2015-03-26 19:05:49,FALSE,NA,"581170208397754370",NA,"<a href=""http://www.facebook.com/twitter"" rel=""nofollow"">Facebook</a>","ets_conference",0,FALSE,FALSE,NA,NA
"3","What will next-generation #energy systems look like? PwC’s Brian Carey moderates at @ets_conference on 3/26: http://t.co/4UK4Bor74Q",FALSE,0,NA,2015-03-26 18:43:39,FALSE,NA,"581164628853542912",NA,"<a href=""http://twitter.com"" rel=""nofollow"">Twitter Web Client</a>","Darbabcock",0,FALSE,FALSE,NA,NA
"4","@EKillingerNRG @ets_conference @PattyDurandSGCC @yoavlurie That should be very interesting. Very excited for you.",FALSE,0,"EKillingerNRG",2015-03-26 18:21:58,FALSE,"581119129886662656","581159172760317952","2423011819","<a href=""http://twitter.com"" rel=""nofollow"">Twitter Web Client</a>","mynewmama",0,FALSE,FALSE,NA,NA
"5","Enbala CEO Bud Vos joined an esteemed panel of speakers today at the @ets_conference to talk about how energy drives social sustainability.",FALSE,0,NA,2015-03-26 17:33:23,FALSE,NA,"581146946678743040",NA,"<a href=""http://twitter.com"" rel=""nofollow"">Twitter Web Client</a>","Enbala",0,FALSE,FALSE,NA,NA
"6","@ets_conference  enjoying all of the inspirational talks and networking! #ets15 http://t.co/MWo59MZsEV",FALSE,0,"ets_conference",2015-03-26 17:23:06,FALSE,NA,"581144357647962112","2181263006","<a href=""http://twitter.com"" rel=""nofollow"">Twitter Web Client</a>","SimpTek",0,FALSE,FALSE,"0","0"
"7","http://t.co/fdzxD7FBiW",FALSE,0,NA,2015-03-26 16:52:45,FALSE,NA,"581136719845691392",NA,"<a href=""http://www.facebook.com/twitter"" rel=""nofollow"">Facebook</a>","ets_conference",0,FALSE,FALSE,NA,NA
"8","RT @postfossilcom: @ets_conference @UtilitySolar @SEIA - Future of Renewable Energy panel w/ RES, Austin Energy, GM, etc. explore solar. ht…",FALSE,0,NA,2015-03-26 16:48:16,FALSE,NA,"581135591842193408",NA,"<a href=""http://twitter.com"" rel=""nofollow"">Twitter Web Client</a>","UtilitySolar",1,TRUE,FALSE,NA,NA
"9","RT @postfossilcom: @ets_conference @UtilitySolar - Larry Weis, CEO of Austin Energy, briefs ETS15 crowd on AE solar initiatives. http://t.c…",FALSE,0,NA,2015-03-26 16:47:18,FALSE,NA,"581135347314212865",NA,"<a href=""http://twitter.com"" rel=""nofollow"">Twitter Web Client</a>","UtilitySolar",1,TRUE,FALSE,NA,NA
"10","Excellent talk by @ThomasSiebel @ets_conference #ETS15 @C3Energy @smartenergystr",FALSE,0,NA,2015-03-26 16:34:30,FALSE,NA,"581132128328400896",NA,"<a href=""http://twitter.com/download/iphone"" rel=""nofollow"">Twitter for iPhone</a>","smartenergystr",0,FALSE,FALSE,NA,NA
"11","RT @EKillingerNRG: I’m excited to be in Austin to speak @ETS_conference about evolving #customer markets with @PattyDurandSGCC and @yoavlur…",FALSE,0,NA,2015-03-26 16:30:09,FALSE,NA,"581131032847503360",NA,"<a href=""http://twitter.com/download/android"" rel=""nofollow"">Twitter for Android</a>","jasonsrodriguez",3,TRUE,FALSE,NA,NA
"12","RT @EDFtx: RT @Gridmates: We dream #Austin the energy innovation capital of the world! @ets_conference @andresecarvallo #ets15",FALSE,0,NA,2015-03-26 16:30:05,FALSE,NA,"581131016577789952",NA,"<a href=""http://twitter.com/download/android"" rel=""nofollow"">Twitter for Android</a>","jasonsrodriguez",1,TRUE,FALSE,NA,NA
"13","RT @arnoldjon: Quick update and photos from @ets_conference here in #Austin - more coming! http://t.co/OoXJXeVg5H @zpryme_research #ETS15 @…",FALSE,0,NA,2015-03-26 16:29:52,FALSE,NA,"581130960068055040",NA,"<a href=""http://twitter.com"" rel=""nofollow"">Twitter Web Client</a>","kels83",1,TRUE,FALSE,NA,NA
"14","EDFtx: RT Gridmates: We dream #Austin the energy innovation capital of the world! ets_conference andresecarvallo #ets15",FALSE,0,NA,2015-03-26 15:50:52,FALSE,NA,"581121147770703872",NA,"<a href=""http://ifttt.com"" rel=""nofollow"">IFTTT</a>","AustinpalStacy",0,FALSE,FALSE,NA,NA
"15","RT @Gridmates: We dream #Austin the energy innovation capital of the world! @ets_conference @andresecarvallo #ets15",FALSE,1,NA,2015-03-26 15:48:48,FALSE,NA,"581120625131028481",NA,"<a href=""http://www.hootsuite.com"" rel=""nofollow"">Hootsuite</a>","EDFtx",1,FALSE,FALSE,NA,NA
"16","RT @EKillingerNRG: I’m excited to be in Austin to speak @ETS_conference about evolving #customer markets with @PattyDurandSGCC and @yoavlur…",FALSE,0,NA,2015-03-26 15:47:33,FALSE,NA,"581120312827232256",NA,"<a href=""http://twitter.com/download/iphone"" rel=""nofollow"">Twitter for iPhone</a>","patkhammond",3,TRUE,FALSE,NA,NA
"17","RT @EKillingerNRG: I’m excited to be in Austin to speak @ETS_conference about evolving #customer markets with @PattyDurandSGCC and @yoavlur…",FALSE,0,NA,2015-03-26 15:45:23,FALSE,NA,"581119765239840768",NA,"<a href=""http://twitter.com/download/iphone"" rel=""nofollow"">Twitter for iPhone</a>","yoavlurie",3,TRUE,FALSE,NA,NA
"18","I’m excited to be in Austin to speak @ETS_conference about evolving #customer markets with @PattyDurandSGCC and @yoavlurie #ETS15",FALSE,3,NA,2015-03-26 15:42:51,FALSE,NA,"581119129886662656",NA,"<a href=""http://twitter.com/download/iphone"" rel=""nofollow"">Twitter for iPhone</a>","EKillingerNRG",3,FALSE,FALSE,NA,NA
"19","Quick update and photos from @ets_conference here in #Austin - more coming! http://t.co/OoXJXeVg5H @zpryme_research #ETS15 @jasonsrodriguez",FALSE,2,NA,2015-03-26 14:17:59,FALSE,NA,"581097769839898624",NA,"<a href=""https://about.twitter.com/products/tweetdeck"" rel=""nofollow"">TweetDeck</a>","arnoldjon",1,FALSE,FALSE,NA,NA
"20","RT @austinenergy: Joining Don Clevenger of @oncor for Q&amp;A at the @ets_conference. Thx for putting on such a great event! #ETS15 http://t.co…",FALSE,0,NA,2015-03-26 14:08:05,FALSE,NA,"581095278658228224",NA,"<a href=""http://twitter.com/download/android"" rel=""nofollow"">Twitter for Android</a>","jasonsrodriguez",2,TRUE,FALSE,NA,NA
"21","Looking forward for the Next-Generation Energy Systems forums today at #ETS15 @ets_conference",FALSE,0,NA,2015-03-26 14:07:35,FALSE,NA,"581095153441611779",NA,"<a href=""http://twitter.com/download/iphone"" rel=""nofollow"">Twitter for iPhone</a>","gjandres5k",0,FALSE,FALSE,NA,NA
"22","Attending @ets_conference in Austin today? Check out Brian Casey’s panel on next-generation energy systems http://t.co/zIQCaAYNOv #utilities",FALSE,0,NA,2015-03-26 14:03:14,FALSE,NA,"581094058912825344",NA,"<a href=""http://www.hootsuite.com"" rel=""nofollow"">Hootsuite</a>","MsKJHudson",0,FALSE,FALSE,NA,NA
"23","I started a live stream on @YouTube: http://t.co/vjE3KPL5sV",FALSE,0,NA,2015-03-26 13:24:43,FALSE,NA,"581084363749756928",NA,"<a href=""http://www.google.com/"" rel=""nofollow"">Google</a>","ets_conference",0,FALSE,FALSE,NA,NA
"24","@SBMmedia #ETS15 | #Energy live streaming. Don't miss this great lineup: http://t.co/wc80DjJsqk @ets_conference  http://t.co/0sa7sFdGe1",FALSE,0,"SBMmedia",2015-03-26 12:53:36,FALSE,NA,"581076535433547776","2382427891","<a href=""http://twitter.com/download/iphone"" rel=""nofollow"">Twitter for iPhone</a>","S_IPPP",0,FALSE,FALSE,NA,NA
"25","RT @zpryme_research: Catching @DirectEnergy #ETS15 @ets_conference Q&amp;A w/ Badar Khan CEO on live simulcast! Keynote was inspiring! http://t…",FALSE,0,NA,2015-03-26 04:21:18,FALSE,NA,"580947608937459713",NA,"<a href=""http://twitter.com/download/android"" rel=""nofollow"">Twitter for Android</a>","jasonsrodriguez",1,TRUE,FALSE,NA,NA
"26","RT @austinenergy: Joining Don Clevenger of @oncor for Q&amp;A at the @ets_conference. Thx for putting on such a great event! #ETS15 http://t.co…",FALSE,0,NA,2015-03-26 04:00:15,FALSE,NA,"580942313364459520",NA,"<a href=""http://twitter.com/download/iphone"" rel=""nofollow"">Twitter for iPhone</a>","RecruiterHouTX",2,TRUE,FALSE,NA,NA
"27","RT @greenfernevents: ""Why am I here? I'm here because we have an energy problem"" John B. Goodenough (Inventor of the Lithium Ion Battery) @…",FALSE,0,NA,2015-03-26 02:43:36,FALSE,NA,"580923025001881600",NA,"<a href=""http://twitter.com/download/android"" rel=""nofollow"">Twitter for Android</a>","jasonsrodriguez",6,TRUE,FALSE,NA,NA
"28","RT @postfossilcom: @ets_conference #ETS15 - ETS highlights local Mobile Loaves and Fishes homeless project Community First! http://t.co/AHd…",FALSE,0,NA,2015-03-26 02:42:35,FALSE,NA,"580922766808858624",NA,"<a href=""http://twitter.com/download/android"" rel=""nofollow"">Twitter for Android</a>","jasonsrodriguez",2,TRUE,FALSE,NA,NA
"29","RT @aasviewpoints: @DirectEnergy CEO Badar Khan: Value, variety are added to Texas energy menu for customers http://t.co/CDJDwM1JBu @ets_co…",FALSE,0,NA,2015-03-26 02:03:55,FALSE,NA,"580913035792891904",NA,"<a href=""http://twitter.com/download/iphone"" rel=""nofollow"">Twitter for iPhone</a>","mikebbeck",4,TRUE,FALSE,NA,NA
"30","@SimpTek @ets_conference Hope you learn a lot and have fun at the same time.",FALSE,0,"SimpTek",2015-03-26 00:57:32,FALSE,"579766970565976064","580896332543586304","2372254860","<a href=""http://twitter.com"" rel=""nofollow"">Twitter Web Client</a>","gagnoncarolyn1",0,FALSE,FALSE,NA,NA
"31","Joining Don Clevenger of @oncor for Q&amp;A at the @ets_conference. Thx for putting on such a great event! #ETS15 http://t.co/STB71Xsfer",FALSE,0,NA,2015-03-26 00:26:14,FALSE,NA,"580888452675178496",NA,"<a href=""http://twitter.com/#!/download/ipad"" rel=""nofollow"">Twitter for iPad</a>","austinenergy",2,FALSE,FALSE,NA,NA
"32","@ets_conference @UtilitySolar - Larry Weis, CEO of Austin Energy, briefs ETS15 crowd on AE solar initiatives. http://t.co/2wYPyjJDej",FALSE,0,"ets_conference",2015-03-26 00:12:30,FALSE,NA,"580884998082850816","2181263006","<a href=""http://twitter.com/#!/download/ipad"" rel=""nofollow"">Twitter for iPad</a>","postfossilcom",1,FALSE,FALSE,NA,NA
"33","@ets_conference - ONCOR head: ""Utilities have to be adaptable and flexible; like teaching an elephant to tap dance."" http://t.co/C1N99jtCqu",FALSE,0,"ets_conference",2015-03-26 00:12:29,FALSE,NA,"580884995033550848","2181263006","<a href=""http://twitter.com/#!/download/ipad"" rel=""nofollow"">Twitter for iPad</a>","postfossilcom",0,FALSE,FALSE,NA,NA
"34","RT @postfossilcom: @ets_conference #ETS15 - ETS highlights local Mobile Loaves and Fishes homeless project Community First! http://t.co/AHd…",FALSE,0,NA,2015-03-25 23:52:58,FALSE,NA,"580880080655626240",NA,"<a href=""http://twitter.com/#!/download/ipad"" rel=""nofollow"">Twitter for iPad</a>","austinenergy",2,TRUE,FALSE,NA,NA
"35","@ets_conference #ETS15 - ETS highlights local Mobile Loaves and Fishes homeless project Community First! http://t.co/AHdCZTA3SW",FALSE,2,"ets_conference",2015-03-25 23:46:37,FALSE,NA,"580878482256736256","2181263006","<a href=""http://twitter.com/#!/download/ipad"" rel=""nofollow"">Twitter for iPad</a>","postfossilcom",2,FALSE,FALSE,NA,NA
"36","@ets_conference @UtilitySolar @ieeesmartgrid - Danielle Murray, solar mgr at AE, on new community solar project. http://t.co/1KMDGdF832",FALSE,0,"ets_conference",2015-03-25 21:41:33,FALSE,NA,"580847009155850240","2181263006","<a href=""http://twitter.com/#!/download/ipad"" rel=""nofollow"">Twitter for iPad</a>","postfossilcom",0,FALSE,FALSE,NA,NA
"37","@ets_conference @UtilitySolar @SEIA - Future of Renewable Energy panel w/ RES, Austin Energy, GM, etc. explore solar. http://t.co/krZq0B9y8t",FALSE,0,"ets_conference",2015-03-25 21:23:25,FALSE,NA,"580842445379792896","2181263006","<a href=""http://twitter.com/#!/download/ipad"" rel=""nofollow"">Twitter for iPad</a>","postfossilcom",1,FALSE,FALSE,NA,NA
"38","Attend @ets_conference our CTO is a panelist - Sustainability &amp; Automation in the Cloud session http://t.co/pYxNsWzXut",FALSE,1,NA,2015-03-25 21:22:39,FALSE,NA,"580842251837812736",NA,"<a href=""http://twitter.com"" rel=""nofollow"">Twitter Web Client</a>","NDimension1",0,FALSE,FALSE,NA,NA
"39","@ets_conference @UtilitySolar - ""The solution is we need both centralized and distributed energy."" - Brad Jones ERCOT http://t.co/wfajEYTG51",FALSE,0,"ets_conference",2015-03-25 20:44:23,FALSE,NA,"580832621728382976","2181263006","<a href=""http://twitter.com/#!/download/ipad"" rel=""nofollow"">Twitter for iPad</a>","postfossilcom",0,FALSE,FALSE,NA,NA
"40","RT @postfossilcom: @ets_conference @ieeesmartgrid @UtilitySolar ""We need visibility with solar resources."" - Brad Jones ERCOT http://t.co/b…",FALSE,0,NA,2015-03-25 20:27:24,FALSE,NA,"580828349196550144",NA,"<a href=""http://twitter.com"" rel=""nofollow"">Twitter Web Client</a>","ieeesmartgrid",1,TRUE,FALSE,NA,NA
"41","RT @postfossilcom: @ets_conference #ETS15 @ieeesmartgrid ""You gotta control this speed of light product."" - Phillip G. Harris at ETS15 http…",FALSE,0,NA,2015-03-25 20:27:19,FALSE,NA,"580828330372571136",NA,"<a href=""http://twitter.com"" rel=""nofollow"">Twitter Web Client</a>","ieeesmartgrid",1,TRUE,FALSE,NA,NA
"42","RT @postfossilcom: #ETS15 @ets_conference @SmartGridArch @ieeesmartgrid ETS15 Super Grid Panel explores solar integration onto grid. http:/…",FALSE,0,NA,2015-03-25 20:27:06,FALSE,NA,"580828274466619393",NA,"<a href=""http://twitter.com"" rel=""nofollow"">Twitter Web Client</a>","ieeesmartgrid",1,TRUE,FALSE,NA,NA
"43","Quick tweet from @ets_conference - great event! Dr. Goodenough spoke earlier- what a treat. @zpryme_research #ETS15 http://t.co/1vSMyLCCH8",FALSE,1,NA,2015-03-25 20:23:48,FALSE,NA,"580827444191490048",NA,"<a href=""https://about.twitter.com/products/tweetdeck"" rel=""nofollow"">TweetDeck</a>","arnoldjon",0,FALSE,FALSE,NA,NA
"44","@ets_conference @UtilitySolar - ""Permitting of local resources is huge obstacle and needs to be streamlined.""",FALSE,0,"ets_conference",2015-03-25 20:22:59,FALSE,NA,"580827237756227584","2181263006","<a href=""http://twitter.com/#!/download/ipad"" rel=""nofollow"">Twitter for iPad</a>","postfossilcom",0,FALSE,FALSE,NA,NA
"45","@ets_conference @ieeesmartgrid @UtilitySolar ""We need visibility with solar resources."" - Brad Jones ERCOT http://t.co/bLLtA1LW4g",FALSE,0,"ets_conference",2015-03-25 20:20:14,FALSE,NA,"580826545020932098","2181263006","<a href=""http://twitter.com/#!/download/ipad"" rel=""nofollow"">Twitter for iPad</a>","postfossilcom",1,FALSE,FALSE,NA,NA
"46","@ets_conference #ETS15 @ieeesmartgrid ""You gotta control this speed of light product."" - Phillip G. Harris at ETS15 http://t.co/i8cvNc3bCc",FALSE,0,"ets_conference",2015-03-25 20:12:55,FALSE,NA,"580824703197052928","2181263006","<a href=""http://twitter.com/#!/download/ipad"" rel=""nofollow"">Twitter for iPad</a>","postfossilcom",1,FALSE,FALSE,NA,NA
"47","#ETS15 @ets_conference @SmartGridArch @ieeesmartgrid ETS15 Super Grid Panel explores solar integration onto grid. http://t.co/vqO39RfKHF",FALSE,0,NA,2015-03-25 19:58:50,FALSE,NA,"580821161761599488",NA,"<a href=""http://twitter.com/#!/download/ipad"" rel=""nofollow"">Twitter for iPad</a>","postfossilcom",1,FALSE,FALSE,NA,NA
"48","ITC's Oginsky@ets_conference: Modernize transmission infrastructure to resolve uncertainties about future energy delivery #ETS15 #grid",FALSE,0,NA,2015-03-25 19:35:17,FALSE,NA,"580815233398243328",NA,"<a href=""http://www.hootsuite.com"" rel=""nofollow"">Hootsuite</a>","ITCGrid",0,FALSE,FALSE,NA,NA
"49","@ets_conference #ETS15 IEEE Smart Grid head Dr. S. Massoud Amin  describes the Smart City of 2020. http://t.co/6VImdZweZr",FALSE,0,"ets_conference",2015-03-25 19:32:05,FALSE,NA,"580814430851600384","2181263006","<a href=""http://twitter.com/#!/download/ipad"" rel=""nofollow"">Twitter for iPad</a>","postfossilcom",0,FALSE,FALSE,NA,NA
"50","@ets_conference #ETS15 ""It's time to finally merge Tesla and Edison."" - Dr. Massoud Amin",FALSE,0,"ets_conference",2015-03-25 19:16:05,FALSE,NA,"580810402080002048","2181263006","<a href=""http://twitter.com/#!/download/ipad"" rel=""nofollow"">Twitter for iPad</a>","postfossilcom",0,FALSE,FALSE,NA,NA
"51","RT @FinoConsulting: Looking forward to sharing ideas about the future of energy at @ets_conference today! #ETS2015 http://t.co/QVutvJdl2J",FALSE,0,NA,2015-03-25 19:12:03,FALSE,NA,"580809387972890624",NA,"<a href=""https://about.twitter.com/products/tweetdeck"" rel=""nofollow"">TweetDeck</a>","richardfye",1,TRUE,FALSE,NA,NA
"52",".@ets_conference loved hearing scientist/inventor Dr. Goodenough recommend cultivating spirituality &amp; studying poetry. He was so great!",FALSE,0,NA,2015-03-25 19:11:19,FALSE,NA,"580809202156736512",NA,"<a href=""http://twitter.com/download/iphone"" rel=""nofollow"">Twitter for iPhone</a>","ErinAutin",0,FALSE,FALSE,NA,NA
"53","@ets_conference ETS15 Chairman Andres Carvallo listens to Dr. S. Massoud Amin speak on Electric Grid 2020. http://t.co/uRzOGfNCQJ",FALSE,0,"ets_conference",2015-03-25 19:09:09,FALSE,NA,"580808657203433472","2181263006","<a href=""http://twitter.com/#!/download/ipad"" rel=""nofollow"">Twitter for iPad</a>","postfossilcom",0,FALSE,FALSE,NA,NA
"54","RT @greenfernevents: ""Why am I here? I'm here because we have an energy problem"" John B. Goodenough (Inventor of the Lithium Ion Battery) @…",FALSE,0,NA,2015-03-25 19:08:03,FALSE,NA,"580808381516107776",NA,"<a href=""http://twitter.com/download/iphone"" rel=""nofollow"">Twitter for iPhone</a>","seranyamoodley",6,TRUE,FALSE,NA,NA
"55","RT @smartenergystr: Drivers of Disruption 2020 Outlook Dr. Massoud Amin @ets_conference #ETS15",FALSE,0,NA,2015-03-25 19:04:13,FALSE,NA,"580807415781662720",NA,"<a href=""http://twitter.com"" rel=""nofollow"">Twitter Web Client</a>","greenfernevents",1,TRUE,FALSE,NA,NA
"56","RT @greenfernevents: ""Why am I here? I'm here because we have an energy problem"" John B. Goodenough (Inventor of the Lithium Ion Battery) @…",FALSE,0,NA,2015-03-25 19:03:53,FALSE,NA,"580807331614744577",NA,"<a href=""http://twitter.com"" rel=""nofollow"">Twitter Web Client</a>","SparkplugPower",6,TRUE,FALSE,NA,NA
"57","RT @greenfernevents: ""Why am I here? I'm here because we have an energy problem"" John B. Goodenough (Inventor of the Lithium Ion Battery) @…",FALSE,0,NA,2015-03-25 19:03:33,FALSE,NA,"580807247523000320",NA,"<a href=""http://www.hootsuite.com"" rel=""nofollow"">Hootsuite</a>","Siemens_SG",6,TRUE,FALSE,NA,NA
"58","@ets_conference Dr. S. Massoud Amin speaks to ETS15 in Austin today. http://t.co/zZhED5Q8yy",FALSE,0,"ets_conference",2015-03-25 19:02:03,FALSE,NA,"580806871776243713","2181263006","<a href=""http://twitter.com/#!/download/ipad"" rel=""nofollow"">Twitter for iPad</a>","postfossilcom",0,FALSE,FALSE,NA,NA
"59","RT @greenfernevents: ""Why am I here? I'm here because we have an energy problem"" John B. Goodenough (Inventor of the Lithium Ion Battery) @…",FALSE,0,NA,2015-03-25 19:01:16,FALSE,NA,"580806672001552384",NA,"<a href=""http://twitter.com/download/iphone"" rel=""nofollow"">Twitter for iPhone</a>","PattyDurandSGCC",6,TRUE,FALSE,NA,NA
"60","Drivers of Disruption 2020 Outlook Dr. Massoud Amin @ets_conference #ETS15",FALSE,0,NA,2015-03-25 19:00:53,FALSE,NA,"580806576136568832",NA,"<a href=""http://twitter.com/download/iphone"" rel=""nofollow"">Twitter for iPhone</a>","smartenergystr",1,FALSE,FALSE,NA,NA
"61","""Why am I here? I'm here because we have an energy problem"" John B. Goodenough (Inventor of the Lithium Ion Battery) @ets_conference #ETS15",FALSE,1,NA,2015-03-25 18:59:59,FALSE,NA,"580806350847913984",NA,"<a href=""http://twitter.com"" rel=""nofollow"">Twitter Web Client</a>","greenfernevents",6,FALSE,FALSE,NA,NA
"62","RT @smartenergystr: Listening to John Goodenough: inventor of Lithium Ion battery.brilliant and entertaining! @ets_conference #ETS15 http:/…",FALSE,0,NA,2015-03-25 18:54:34,FALSE,NA,"580804987296489472",NA,"<a href=""http://twitter.com"" rel=""nofollow"">Twitter Web Client</a>","greenfernevents",1,TRUE,FALSE,NA,NA
"63","@ets_conference Dr. John B. Goodenough reflects on his life work of invention at ETS15. http://t.co/tuCAnn6ebd http://t.co/8drrJXrzMN",FALSE,0,"ets_conference",2015-03-25 18:51:01,FALSE,NA,"580804092898873346","2181263006","<a href=""http://twitter.com/#!/download/ipad"" rel=""nofollow"">Twitter for iPad</a>","postfossilcom",0,FALSE,FALSE,NA,NA
"64","Listening to John Goodenough: inventor of Lithium Ion battery.brilliant and entertaining! @ets_conference #ETS15 http://t.co/0SkS9vrAm3",FALSE,2,NA,2015-03-25 18:45:27,FALSE,NA,"580802693574230016",NA,"<a href=""http://twitter.com/download/iphone"" rel=""nofollow"">Twitter for iPhone</a>","smartenergystr",1,FALSE,FALSE,NA,NA
"65","@ets_conference - ETS Prez Drew Johnson interviews Dr. John B. Goodenough, father of the Li-ion rechargeable battery. http://t.co/2O7d0Wtx6D",FALSE,0,"ets_conference",2015-03-25 18:26:02,FALSE,NA,"580797808644489216","2181263006","<a href=""http://twitter.com/download/iphone"" rel=""nofollow"">Twitter for iPhone</a>","postfossilcom",0,FALSE,FALSE,NA,NA
"66","RT @Gridmates: We dream #Austin the energy innovation capital of the world! @ets_conference @andresecarvallo #ets15 http://t.co/hbEIox0sFF",FALSE,0,NA,2015-03-25 17:23:02,FALSE,NA,"580781950429843456",NA,"<a href=""http://www.twitter.com"" rel=""nofollow"">Twitter for Windows Phone</a>","tirpakma",5,TRUE,FALSE,NA,NA
"67","RT @Gridmates: We dream #Austin the energy innovation capital of the world! @ets_conference @andresecarvallo #ets15 http://t.co/hbEIox0sFF",FALSE,0,NA,2015-03-25 17:13:33,FALSE,NA,"580779566471323648",NA,"<a href=""http://twitter.com"" rel=""nofollow"">Twitter Web Client</a>","austinenergy",5,TRUE,FALSE,NA,NA
"68","@ets_conference hey, that's Bobby Godsey from our #EV team! :)",FALSE,0,"ets_conference",2015-03-25 17:11:44,FALSE,"580776320696619008","580779110525333504","2181263006","<a href=""http://twitter.com"" rel=""nofollow"">Twitter Web Client</a>","austinenergy",0,FALSE,FALSE,NA,NA
"69","ETS President Andrew Johnston has a chat with @DirectEnergy CEO &amp; President, Badar Khan #ETS15 http://t.co/5Nkl0reWmH",FALSE,1,NA,2015-03-25 17:05:50,FALSE,NA,"580777622264659968",NA,"<a href=""http://twitter.com"" rel=""nofollow"">Twitter Web Client</a>","ets_conference",2,FALSE,FALSE,NA,NA
"70","#ets15 http://t.co/jyHd95p1Fl",FALSE,1,NA,2015-03-25 17:03:27,FALSE,NA,"580777025796870144",NA,"<a href=""http://twitter.com"" rel=""nofollow"">Twitter Web Client</a>","ets_conference",0,FALSE,FALSE,NA,NA
"71","@ets_conference @ets15 #ets Energy Thought Summit (ETS) 2015 continues today in Austin, Texas with industry leaders. http://t.co/SuQ665vR1Z",FALSE,0,"ets_conference",2015-03-25 17:00:53,FALSE,NA,"580776376829026304","2181263006","<a href=""http://twitter.com/download/iphone"" rel=""nofollow"">Twitter for iPhone</a>","postfossilcom",0,FALSE,FALSE,NA,NA
"72","#ets15 happening now! http://t.co/svc1JHigyG",FALSE,2,NA,2015-03-25 17:00:39,FALSE,NA,"580776320696619008",NA,"<a href=""http://twitter.com"" rel=""nofollow"">Twitter Web Client</a>","ets_conference",2,FALSE,FALSE,NA,NA
"73","Glad @ets_conference has a live stream! Watching until I can get over there in person this afternoon.",FALSE,0,NA,2015-03-25 15:06:01,FALSE,NA,"580747471657136128",NA,"<a href=""http://twitter.com"" rel=""nofollow"">Twitter Web Client</a>","ErinAutin",0,FALSE,FALSE,NA,NA
"74","RT @aasviewpoints: @DirectEnergy CEO Badar Khan: Value, variety are added to Texas energy menu for customers http://t.co/CDJDwM1JBu @ets_co…",FALSE,0,NA,2015-03-25 14:33:25,FALSE,NA,"580739267409809408",NA,"<a href=""http://www.hootsuite.com"" rel=""nofollow"">Hootsuite</a>","MediaAtDirect",4,TRUE,FALSE,NA,NA
"75","RT @aasviewpoints: @DirectEnergy CEO Badar Khan: Value, variety are added to Texas energy menu for customers http://t.co/CDJDwM1JBu @ets_co…",FALSE,0,NA,2015-03-25 14:33:17,FALSE,NA,"580739233456893952",NA,"<a href=""http://www.hootsuite.com"" rel=""nofollow"">Hootsuite</a>","jessicamichan",4,TRUE,FALSE,NA,NA
"76","RT @aasviewpoints: @DirectEnergy CEO Badar Khan: Value, variety are added to Texas energy menu for customers http://t.co/CDJDwM1JBu @ets_co…",FALSE,0,NA,2015-03-25 14:30:16,FALSE,NA,"580738472463327232",NA,"<a href=""http://sproutsocial.com"" rel=""nofollow"">Sprout Social</a>","DirectEnergy",4,TRUE,FALSE,NA,NA
"77","@KremlinRussia_E  universal peace now Apollo 14 astronaut Dr Edgar Mitchell talk about ETs X Conference Washington https://t.co/mEA9EENyTr",FALSE,0,"KremlinRussia_E",2015-03-25 14:26:01,FALSE,NA,"580737403108921344","205622130","<a href=""http://twitter.com"" rel=""nofollow"">Twitter Web Client</a>","EspaceLoGal",0,FALSE,FALSE,NA,NA
"78","@BarackObama Please Mr President Apollo 14 astronaut Dr Edgar Mitchell talk about ETs X Conference Washington https://t.co/mEA9EENyTr",FALSE,0,"BarackObama",2015-03-25 14:20:05,FALSE,NA,"580735910658064384","813286","<a href=""http://twitter.com"" rel=""nofollow"">Twitter Web Client</a>","EspaceLoGal",0,FALSE,FALSE,NA,NA
"79","Looking forward to sharing ideas about the future of energy at @ets_conference today! #ETS2015 http://t.co/QVutvJdl2J",FALSE,0,NA,2015-03-25 14:18:42,FALSE,NA,"580735562887364608",NA,"<a href=""http://www.hubspot.com/"" rel=""nofollow"">HubSpot</a>","FinoConsulting",1,FALSE,FALSE,NA,NA
"80","#disclosure Apollo 14 astronaut Dr Edgar Mitchell talk about ETs X Conference Washington https://t.co/mEA9EENyTr",FALSE,0,NA,2015-03-25 14:10:57,FALSE,NA,"580733611869097984",NA,"<a href=""http://twitter.com"" rel=""nofollow"">Twitter Web Client</a>","EspaceLoGal",0,FALSE,FALSE,NA,NA
"81","What will next-generation #energy systems look like? PwC’s Brian Carey will discuss at @ets_conference on 3/26: http://t.co/PLuEzceSJC",FALSE,0,NA,2015-03-25 14:02:41,FALSE,NA,"580731531758555136",NA,"<a href=""http://twitter.com/download/iphone"" rel=""nofollow"">Twitter for iPhone</a>","MsKJHudson",0,FALSE,FALSE,NA,NA
"82","RT @angelalockwood4: Sharelynn Moore @Itron talks The role of IoT in smart cities @ets_conference",FALSE,0,NA,2015-03-25 14:02:20,FALSE,NA,"580731442587664384",NA,"<a href=""http://twitter.com"" rel=""nofollow"">Twitter Web Client</a>","gridwisedc",2,TRUE,FALSE,NA,NA
"83","RT @angelalockwood4: Sharelynn Moore @Itron talks The role of IoT in smart cities @ets_conference",FALSE,0,NA,2015-03-25 13:54:29,FALSE,NA,"580729469196890112",NA,"<a href=""http://www.hootsuite.com"" rel=""nofollow"">Hootsuite</a>","Itron",2,TRUE,FALSE,NA,NA
"84","Sharelynn Moore @Itron talks The role of IoT in smart cities @ets_conference",FALSE,1,NA,2015-03-25 13:36:48,FALSE,NA,"580725019229044736",NA,"<a href=""http://twitter.com/download/iphone"" rel=""nofollow"">Twitter for iPhone</a>","angelalockwood4",2,FALSE,FALSE,NA,NA
"85","@DirectEnergy CEO Badar Khan: Value, variety are added to Texas energy menu for customers http://t.co/CDJDwM1JBu @ets_conference #ETS15",FALSE,0,"DirectEnergy",2015-03-25 12:51:54,FALSE,NA,"580713719128301568","16187972","<a href=""http://www.socialflow.com"" rel=""nofollow"">SocialFlow</a>","aasviewpoints",4,FALSE,FALSE,NA,NA
"86","#ETS15 | Energy Thought Summit live streaming. Don't miss this great lineup: http://t.co/oJpKP0l082 @ets_conference  http://t.co/0sa7sFdGe1",FALSE,0,NA,2015-03-25 12:20:59,FALSE,NA,"580705937339486208",NA,"<a href=""http://www.apple.com"" rel=""nofollow"">iOS</a>","S_IPPP",0,FALSE,FALSE,NA,NA
"87","RT @Doyle_Beneby: Thank you @ets_conference for a great conversation. Now is the time to invest in innovation &amp; human capital.. #ets15",FALSE,0,NA,2015-03-25 12:11:18,FALSE,NA,"580703502973812736",NA,"<a href=""http://twitter.com/download/iphone"" rel=""nofollow"">Twitter for iPhone</a>","LordBexar",2,TRUE,FALSE,NA,NA
"88","RT @SensusGlobal: Chairman Lou D'Ambrosio will discuss the role of #InternetofThings at @ets_conference at 8:30! Looking forward to a great…",FALSE,0,NA,2015-03-25 11:29:24,FALSE,NA,"580692959579996160",NA,"<a href=""https://hijeffho.squarespace.com/"" rel=""nofollow"">Data Smart</a>","Data88Smart",3,TRUE,FALSE,NA,NA
"89","RT @SensusGlobal: Chairman Lou D'Ambrosio will discuss the role of #InternetofThings at @ets_conference at 8:30! Looking forward to a great…",FALSE,0,NA,2015-03-25 11:27:17,FALSE,NA,"580692425515114496",NA,"<a href=""http://twitter.com/download/iphone"" rel=""nofollow"">Twitter for iPhone</a>","bdrijsen",3,TRUE,FALSE,NA,NA
"90","Chairman Lou D'Ambrosio will discuss the role of #InternetofThings at @ets_conference at 8:30! Looking forward to a great panel. #ETS15",FALSE,0,NA,2015-03-25 11:01:45,FALSE,NA,"580685998134321153",NA,"<a href=""http://www.hootsuite.com"" rel=""nofollow"">Hootsuite</a>","SensusGlobal",3,FALSE,FALSE,NA,NA
"91","jasonsrodriguez: RT Gridmates: We dream #Austin the energy innovation capital of the world! ets_conference andrese… http://t.co/IK5iUkPn4C",FALSE,0,NA,2015-03-25 09:51:20,FALSE,NA,"580668279263506432",NA,"<a href=""http://ifttt.com"" rel=""nofollow"">IFTTT</a>","AustinpalStacy",0,FALSE,FALSE,NA,NA
"92","RT @Gridmates: We dream #Austin the energy innovation capital of the world! @ets_conference @andresecarvallo #ets15 http://t.co/hbEIox0sFF",FALSE,0,NA,2015-03-25 09:45:04,FALSE,NA,"580666699654942720",NA,"<a href=""http://twitter.com/download/android"" rel=""nofollow"">Twitter for Android</a>","jasonsrodriguez",5,TRUE,FALSE,NA,NA
"93","RT @MeirUkeles: Great things happening for @icvvc portfolio co Grid4C &amp; @DirectEnergy at @ets_conference in Austin today... http://t.co/Zsp…",FALSE,0,NA,2015-03-25 08:25:33,FALSE,NA,"580646688651677696",NA,"<a href=""https://about.twitter.com/products/tweetdeck"" rel=""nofollow"">TweetDeck</a>","Avi_Jacobson",3,TRUE,FALSE,NA,NA
"94","RT @MeirUkeles: Great things happening for @icvvc portfolio co Grid4C &amp; @DirectEnergy at @ets_conference in Austin today... http://t.co/Zsp…",FALSE,0,NA,2015-03-25 07:29:53,FALSE,NA,"580632682092187648",NA,"<a href=""http://twitter.com"" rel=""nofollow"">Twitter Web Client</a>","icvvc",3,TRUE,FALSE,NA,NA
"95","RT @Doyle_Beneby: Thank you @ets_conference for a great conversation. Now is the time to invest in innovation &amp; human capital.. #ets15",FALSE,0,NA,2015-03-25 05:11:49,FALSE,NA,"580597934565232640",NA,"<a href=""http://twitter.com/download/android"" rel=""nofollow"">Twitter for Android</a>","jasonsrodriguez",2,TRUE,FALSE,NA,NA
"96","RT @Doyle_Beneby: Thankful to have been invited back to @ets_conference . Looking foward to kicking off #ETS15 later today as the opening k…",FALSE,0,NA,2015-03-25 05:11:37,FALSE,NA,"580597884053299202",NA,"<a href=""http://twitter.com/download/android"" rel=""nofollow"">Twitter for Android</a>","jasonsrodriguez",2,TRUE,FALSE,NA,NA
"97","RT @Siemens_SG: Can't wait! Tomorrow, our CTO @LarshJohnson speaks at #ETS15, ""What's next for the grid &amp; #utilities"" @ets_conference",FALSE,0,NA,2015-03-25 05:11:32,FALSE,NA,"580597865522806784",NA,"<a href=""http://twitter.com/download/android"" rel=""nofollow"">Twitter for Android</a>","jasonsrodriguez",2,TRUE,FALSE,NA,NA
"98","RT @austinenergy: Our GM, Larry Weis, has some exciting insight to share at his keynote speech for the @ets_conference. We'll be tweeting u…",FALSE,0,NA,2015-03-25 05:11:29,FALSE,NA,"580597849999716352",NA,"<a href=""http://twitter.com/download/android"" rel=""nofollow"">Twitter for Android</a>","jasonsrodriguez",2,TRUE,FALSE,NA,NA
"99","RT @Massoud_Amin: Austin Biz Journal by Mr.@abjcalnan: https://t.co/76TTZHwEU2 regarding http://t.co/tyVWMcAYv3 @ets_conference @zpryme_res…",FALSE,0,NA,2015-03-25 05:10:15,FALSE,NA,"580597541642870784",NA,"<a href=""http://twitter.com/download/android"" rel=""nofollow"">Twitter for Android</a>","jasonsrodriguez",1,TRUE,FALSE,NA,NA
"100","@Doyle_Beneby @ets_conference Great speech! Delighted to see utilities embracing innovation, instead of fighting against it.",FALSE,1,"Doyle_Beneby",2015-03-25 05:05:50,FALSE,"580573362113630208","580596428705251328","266099036","<a href=""http://twitter.com"" rel=""nofollow"">Twitter Web Client</a>","MarcelHorstmann",0,FALSE,FALSE,NA,NA
"101","Thank you @ets_conference for a great conversation. Now is the time to invest in innovation &amp; human capital.. #ets15",FALSE,3,NA,2015-03-25 03:34:10,FALSE,NA,"580573362113630208",NA,"<a href=""http://twitter.com/download/iphone"" rel=""nofollow"">Twitter for iPhone</a>","Doyle_Beneby",2,FALSE,FALSE,NA,NA
"102","RT @Siemens_SG: Find out, ""What's next for the grid &amp; #utilities."" Coverage of our CTO Larsh Johnson @ets_conference on 3/25! #ets15 #smart…",FALSE,0,NA,2015-03-25 02:54:40,FALSE,NA,"580563420220637184",NA,"<a href=""http://twitter.com"" rel=""nofollow"">Twitter Web Client</a>","Firefly_Power",6,TRUE,FALSE,NA,NA
"103","RT @Gridmates: We dream #Austin the energy innovation capital of the world! @ets_conference @andresecarvallo #ets15 http://t.co/hbEIox0sFF",FALSE,0,NA,2015-03-25 01:30:02,FALSE,NA,"580542122455109632",NA,"<a href=""https://roundteam.co"" rel=""nofollow"">RoundTeam</a>","CentralTexasRT",5,TRUE,FALSE,NA,NA
"104","RT @Gridmates: We dream #Austin the energy innovation capital of the world! @ets_conference @andresecarvallo #ets15 http://t.co/hbEIox0sFF",FALSE,0,NA,2015-03-25 01:29:01,FALSE,NA,"580541864786444288",NA,"<a href=""http://twitter.com/download/iphone"" rel=""nofollow"">Twitter for iPhone</a>","andresecarvallo",5,TRUE,FALSE,NA,NA
"105","Gridmates: We dream #Austin the energy innovation capital of the world! ets_conference andresecarvallo #ets15 http://t.co/IK5iUkPn4C",FALSE,1,NA,2015-03-25 00:52:11,FALSE,NA,"580532597878579200",NA,"<a href=""http://ifttt.com"" rel=""nofollow"">IFTTT</a>","AustinpalStacy",0,FALSE,FALSE,NA,NA
"106","We dream #Austin the energy innovation capital of the world! @ets_conference @andresecarvallo #ets15 http://t.co/hbEIox0sFF",FALSE,3,NA,2015-03-25 00:46:40,FALSE,NA,"580531210209878016",NA,"<a href=""http://twitter.com/download/iphone"" rel=""nofollow"">Twitter for iPhone</a>","Gridmates",5,FALSE,FALSE,NA,NA
"107","I started a live stream on @YouTube: http://t.co/bXTgKxAK2d",FALSE,0,NA,2015-03-24 23:44:00,FALSE,NA,"580515438133665794",NA,"<a href=""http://www.google.com/"" rel=""nofollow"">Google</a>","ets_conference",0,FALSE,FALSE,NA,NA
"108","RT @EDFtx: .@ets_conference and @Gridmates are teaming up to end #energy poverty. Check out our recent blog ft. Gridmates! http://t.co/ftJb…",FALSE,0,NA,2015-03-24 22:21:55,FALSE,NA,"580494780406317056",NA,"<a href=""http://twitter.com"" rel=""nofollow"">Twitter Web Client</a>","EDFEnergyEX",1,TRUE,FALSE,NA,NA
"109",".@ets_conference and @Gridmates are teaming up to end #energy poverty. Check out our recent blog ft. Gridmates! http://t.co/ftJbkS43zY",FALSE,1,NA,2015-03-24 22:21:12,FALSE,NA,"580494600693018626",NA,"<a href=""http://twitter.com"" rel=""nofollow"">Twitter Web Client</a>","EDFtx",1,FALSE,FALSE,NA,NA
"110","ETS15: Live Simulcast in 2 hours w/ Doyle Beneby CPS Energy CEO http://t.co/n4pNe6oNLF",FALSE,0,NA,2015-03-24 22:20:38,FALSE,NA,"580494457855983616",NA,"<a href=""http://www.facebook.com/twitter"" rel=""nofollow"">Facebook</a>","ets_conference",0,FALSE,FALSE,NA,NA
"111","RT @austinenergy: Our GM, Larry Weis, has some exciting insight to share at his keynote speech for the @ets_conference. We'll be tweeting u…",FALSE,0,NA,2015-03-24 22:16:37,FALSE,NA,"580493445455810560",NA,"<a href=""http://twitter.com/download/iphone"" rel=""nofollow"">Twitter for iPhone</a>","RecruiterHouTX",2,TRUE,FALSE,NA,NA
"112","In 2 hours tune in to a live simulcast with Doyle Beneby CPS Energy CEO, followed by Q&amp;A with Drew Johnston ETS... http://t.co/XijRsbU9Ju",FALSE,0,NA,2015-03-24 22:15:03,FALSE,NA,"580493051900104704",NA,"<a href=""http://www.facebook.com/twitter"" rel=""nofollow"">Facebook</a>","ets_conference",0,FALSE,FALSE,NA,NA
"113","RT @MeirUkeles: Great things happening for @icvvc portfolio co Grid4C &amp; @DirectEnergy at @ets_conference in Austin today... http://t.co/Zsp…",FALSE,0,NA,2015-03-24 22:12:32,FALSE,NA,"580492420913184768",NA,"<a href=""http://sproutsocial.com"" rel=""nofollow"">Sprout Social</a>","DirectEnergy",3,TRUE,FALSE,NA,NA
"114","Austin Biz Journal by Mr.@abjcalnan: https://t.co/76TTZHwEU2 regarding http://t.co/tyVWMcAYv3 @ets_conference @zpryme_research",FALSE,0,NA,2015-03-24 21:42:20,FALSE,NA,"580484821329248256",NA,"<a href=""http://www.linkedin.com/"" rel=""nofollow"">LinkedIn</a>","Massoud_Amin",1,FALSE,FALSE,NA,NA
"115","Rates R going down!? Our GM, Larry Weis, has some exciting insight to share at his keynote speech @ets_conference. tweeting updates! #ETS15",FALSE,0,NA,2015-03-24 21:39:16,FALSE,NA,"580484048813969408",NA,"<a href=""http://twitter.com"" rel=""nofollow"">Twitter Web Client</a>","yaya_41",0,FALSE,FALSE,NA,NA
"116","Our GM, Larry Weis, has some exciting insight to share at his keynote speech for the @ets_conference. We'll be tweeting updates! #ETS15",FALSE,0,NA,2015-03-24 21:36:12,FALSE,NA,"580483276508389376",NA,"<a href=""http://twitter.com"" rel=""nofollow"">Twitter Web Client</a>","austinenergy",2,FALSE,FALSE,NA,NA
"117","RT @Gridmates: This is what we call Energy^2! Attend the future of energy and energize 200 lives! @ets_conference @MLFNOW @Gridmates http:/…",FALSE,0,NA,2015-03-24 21:16:40,FALSE,NA,"580478359857139712",NA,"<a href=""http://twitter.com/download/iphone"" rel=""nofollow"">Twitter for iPhone</a>","Border_Energy",1,TRUE,FALSE,NA,NA
"118","Great things happening for @icvvc portfolio co Grid4C &amp; @DirectEnergy at @ets_conference in Austin today... http://t.co/ZspAbxOoWD",FALSE,3,NA,2015-03-24 20:48:39,FALSE,NA,"580471309416722432",NA,"<a href=""http://twitter.com/download/iphone"" rel=""nofollow"">Twitter for iPhone</a>","MeirUkeles",3,FALSE,FALSE,NA,NA
"119","ETS15: The Direct Energy has Landed! http://t.co/2etZ7rf3kw",FALSE,1,NA,2015-03-24 18:46:26,FALSE,NA,"580440551977328641",NA,"<a href=""http://www.facebook.com/twitter"" rel=""nofollow"">Facebook</a>","ets_conference",0,FALSE,FALSE,NA,NA
"120","ETS15: The Direct Energy has Landed! http://t.co/3ckMvdK4AF",FALSE,0,NA,2015-03-24 18:45:58,FALSE,NA,"580440437191778304",NA,"<a href=""http://www.facebook.com/twitter"" rel=""nofollow"">Facebook</a>","ets_conference",0,FALSE,FALSE,NA,NA
"121","Live from ETS15 in Austin, Direct Energy: Innovation to Inspiration Smart Home Tour is here! http://t.co/tIiIOSSFf0",FALSE,1,NA,2015-03-24 18:42:09,FALSE,NA,"580439472820613121",NA,"<a href=""http://www.facebook.com/twitter"" rel=""nofollow"">Facebook</a>","ets_conference",0,FALSE,FALSE,NA,NA
"122","More good news! CTO @LarshJohnson will also discuss ""Evolving #Analytics"" at #ETS15 tomorrow!  @ets_conference #smartgrid",FALSE,0,NA,2015-03-24 17:45:33,FALSE,NA,"580425232365813760",NA,"<a href=""http://www.hootsuite.com"" rel=""nofollow"">Hootsuite</a>","Siemens_SG",0,FALSE,FALSE,NA,NA
"123","RT @Siemens_SG: Can't wait! Tomorrow, our CTO @LarshJohnson speaks at #ETS15, ""What's next for the grid &amp; #utilities"" @ets_conference",FALSE,0,NA,2015-03-24 16:50:12,FALSE,NA,"580411301257678850",NA,"<a href=""http://twitter.com"" rel=""nofollow"">Twitter Web Client</a>","onahunttoday",2,TRUE,FALSE,NA,NA
"124","Can't wait! Tomorrow, our CTO @LarshJohnson speaks at #ETS15, ""What's next for the grid &amp; #utilities"" @ets_conference",FALSE,1,NA,2015-03-24 16:45:22,FALSE,NA,"580410085798707203",NA,"<a href=""http://www.hootsuite.com"" rel=""nofollow"">Hootsuite</a>","Siemens_SG",2,FALSE,FALSE,NA,NA
"125","RT @Doyle_Beneby: Thankful to have been invited back to @ets_conference . Looking foward to kicking off #ETS15 later today as the opening k…",FALSE,0,NA,2015-03-24 16:31:13,FALSE,NA,"580406524729798658",NA,"<a href=""https://about.twitter.com/products/tweetdeck"" rel=""nofollow"">TweetDeck</a>","CleanTX",2,TRUE,FALSE,NA,NA
"126","Thankful to have been invited back to @ets_conference . Looking foward to kicking off #ETS15 later today as the opening keynote. #energy",FALSE,0,NA,2015-03-24 16:08:24,FALSE,NA,"580400784363393024",NA,"<a href=""http://twitter.com"" rel=""nofollow"">Twitter Web Client</a>","Doyle_Beneby",2,FALSE,FALSE,NA,NA
"127","Excited to be on a panel this afternoon @ets_conference about K-12 Energy Education and share the amazing work I do with @Skillpoint #ETS15",FALSE,2,NA,2015-03-24 15:56:19,FALSE,NA,"580397740368240641",NA,"<a href=""http://twitter.com"" rel=""nofollow"">Twitter Web Client</a>","leahgrossman",0,FALSE,FALSE,NA,NA
"128","#SmartGrid MT ""@ATCouncil: Major #Austin #energy event, Energy Thought Summit: Focus on smart grid: @ets_conference http://t.co/eKTNOAkYtW”",FALSE,0,"ATCouncil",2015-03-24 14:49:07,FALSE,"580379413189173249","580380830310244352","15811342","<a href=""http://twitter.com/download/iphone"" rel=""nofollow"">Twitter for iPhone</a>","RogerAttick",0,FALSE,FALSE,NA,NA
"129","Major energy sector event, Energy Thought Summit, is this week w/ focus on the smart grid! @ets_conference http://t.co/NjvCYO2pKS",FALSE,2,NA,2015-03-24 14:43:29,FALSE,NA,"580379413189173249",NA,"<a href=""http://bufferapp.com"" rel=""nofollow"">Buffer</a>","ATCouncil",0,FALSE,FALSE,NA,NA
"130","RT @res_americas: @ets_conference kicks off today! Glen Davis, CEO of RES Americas talks #renewables on 3/25. Info: http://t.co/dWzHO1NrUJ",FALSE,0,NA,2015-03-24 14:43:22,FALSE,NA,"580379383862562816",NA,"<a href=""http://www.hootsuite.com"" rel=""nofollow"">Hootsuite</a>","Energy_Justin",0,FALSE,FALSE,NA,NA
"131","RT @ets_conference: @CleanTX @UMNews University of Minnesota Professor Massoud Amin to be keynote speaker #ETS15 http://t.co/8WGsYhpJG0",FALSE,0,NA,2015-03-24 14:33:41,FALSE,NA,"580376947332673536",NA,"<a href=""http://www.hootsuite.com"" rel=""nofollow"">Hootsuite</a>","Siemens_SG",0,FALSE,FALSE,NA,NA
"132","@ETS_Conference kicks off today! Glen Davis, CEO of RES A talks about The State &amp; Future of #Renewables 3/25. Info: http://t.co/LjHKYfUw8d",FALSE,0,"ets_conference",2015-03-24 14:29:37,FALSE,NA,"580375923402379265","2181263006","<a href=""http://www.hootsuite.com"" rel=""nofollow"">Hootsuite</a>","RES_Americas",0,FALSE,FALSE,NA,NA
"133","F. Benhamou intervient sur les innovations du numérique dans les bibliothèques ! Suivez en streaming la conférence : http://t.co/b3823kYbqg",FALSE,0,NA,2015-03-24 14:29:06,FALSE,NA,"580375791051124738",NA,"<a href=""http://bufferapp.com"" rel=""nofollow"">Buffer</a>","ETS_INET",0,FALSE,FALSE,NA,NA
"134","RT @Siemens_SG: Find out, ""What's next for the grid &amp; #utilities."" Coverage of our CTO Larsh Johnson @ets_conference on 3/25! #ets15 #smart…",FALSE,0,NA,2015-03-24 14:09:56,FALSE,NA,"580370967727226880",NA,"<a href=""http://twitter.com/download/iphone"" rel=""nofollow"">Twitter for iPhone</a>","MahroofJilani",6,TRUE,FALSE,NA,NA
"135","In Austin gearing up for the @ets_conference. Come connect with some of the best minds in #energy and #technology !",FALSE,1,NA,2015-03-24 13:29:28,FALSE,NA,"580360784879865858",NA,"<a href=""http://twitter.com"" rel=""nofollow"">Twitter Web Client</a>","dm_ballard",0,FALSE,FALSE,NA,NA
"136","RT @ClearBlade: This week! @ClearBlade CEO @esimone928  @ets_conference March 25-26 | http://t.co/AUzF18hEpc  | #MBaaS #IoT #smartgrid #Paa…",FALSE,0,NA,2015-03-24 13:20:07,FALSE,NA,"580358433376837632",NA,"<a href=""http://twitter.com/download/iphone"" rel=""nofollow"">Twitter for iPhone</a>","bazaarbrett",3,TRUE,FALSE,NA,NA
"137","RT @ets_conference: @cpsenergy Make sure you don't miss keynote speaker @Doyle_Beneby at ETS15 tommorow! @zpryme_research 
#ETS15",FALSE,0,NA,2015-03-24 02:58:50,FALSE,NA,"580202082847739904",NA,"<a href=""http://www.echofon.com/"" rel=""nofollow"">Echofon</a>","PaulFlaningan",0,FALSE,FALSE,NA,NA
"138","@CleanTX @UMNews University of Minnesota Professor Massoud Amin to be keynote speaker ETS15 http://t.co/zeEvTvT0jN
@zpryme_research 
#ETS15",FALSE,0,"CleanTX",2015-03-24 01:02:01,FALSE,NA,"580172684908044289","442054338","<a href=""http://twitter.com"" rel=""nofollow"">Twitter Web Client</a>","ets_conference",3,FALSE,FALSE,NA,NA
"139","RT Siemens_Energy ""RT Siemens_SG: Find out, ""What's next for the grid &amp; #utilities."" Coverage of our CTO Larsh Johnson ets_conference on 3/…",FALSE,0,NA,2015-03-24 00:53:16,FALSE,NA,"580170479576694784",NA,"<a href=""http://ifttt.com"" rel=""nofollow"">IFTTT</a>","Windpowr",0,FALSE,FALSE,NA,NA
"140","RT @Siemens_SG: Find out, ""What's next for the grid &amp; #utilities."" Coverage of our CTO Larsh Johnson @ets_conference on 3/25! #ets15 #smart…",FALSE,0,NA,2015-03-24 00:47:16,FALSE,NA,"580168970130452480",NA,"<a href=""http://twitter.com"" rel=""nofollow"">Twitter Web Client</a>","RecruiterHouTX",6,TRUE,FALSE,NA,NA
"141","RT @Siemens_SG: Find out, ""What's next for the grid &amp; #utilities."" Coverage of our CTO Larsh Johnson @ets_conference on 3/25! #ets15 #smart…",FALSE,0,NA,2015-03-24 00:46:22,FALSE,NA,"580168745974394880",NA,"<a href=""http://twitter.com"" rel=""nofollow"">Twitter Web Client</a>","Siemens_Energy",6,TRUE,FALSE,NA,NA
"142","RT @S_IPPP: @ets_conference #ETS15 #TexasNDRC Assemblage Theory at work. http://t.co/D4eH7cgdH9",FALSE,0,NA,2015-03-23 22:39:18,FALSE,NA,"580136766469885952",NA,"<a href=""http://twitter.com/download/android"" rel=""nofollow"">Twitter for Android</a>","jasonsrodriguez",1,TRUE,FALSE,NA,NA
"143","RT @Siemens_SG: Curious about Evolving #Analytics? Learn more as CTO Larsh Johnson speaks @ets_conference on 3/25! #ets15 #smartcities",FALSE,0,NA,2015-03-23 22:39:07,FALSE,NA,"580136720856797184",NA,"<a href=""http://twitter.com/download/android"" rel=""nofollow"">Twitter for Android</a>","jasonsrodriguez",2,TRUE,FALSE,NA,NA
"144","RT @Siemens_SG: Find out, ""What's next for the grid &amp; #utilities."" Coverage of our CTO Larsh Johnson @ets_conference on 3/25! #ets15 #smart…",FALSE,0,NA,2015-03-23 22:38:17,FALSE,NA,"580136510189535232",NA,"<a href=""http://twitter.com/download/android"" rel=""nofollow"">Twitter for Android</a>","jasonsrodriguez",6,TRUE,FALSE,NA,NA
"145","Join us for our next UFO alien conference the weekend of August 28. Tickets @ http://t.co/VhFsfZQGmg #aliens #ETs http://t.co/zi4QDzXDLz",FALSE,0,NA,2015-03-23 22:08:08,FALSE,NA,"580128924761489409",NA,"<a href=""http://twitter.com"" rel=""nofollow"">Twitter Web Client</a>","ReverendPolk",0,FALSE,FALSE,NA,NA
"146","RT @Siemens_SG: Curious about Evolving #Analytics? Learn more as CTO Larsh Johnson speaks @ets_conference on 3/25! #ets15 #smartcities",FALSE,0,NA,2015-03-23 18:24:28,FALSE,NA,"580072637071777792",NA,"<a href=""https://roundteam.co"" rel=""nofollow"">RoundTeam</a>","homezillaorguk",2,TRUE,FALSE,NA,NA
"147","Curious about Evolving #Analytics? Learn more as CTO Larsh Johnson speaks @ets_conference on 3/25! #ets15 #smartcities",FALSE,0,NA,2015-03-23 18:20:07,FALSE,NA,"580071540127039488",NA,"<a href=""http://www.hootsuite.com"" rel=""nofollow"">Hootsuite</a>","Siemens_SG",2,FALSE,FALSE,NA,NA
"148","@C3Energy Looking forward to keynote speaker Thomas M. Siebel, make sure you're there this week to see at ETS15! @zpryme_research 
#ETS15",FALSE,0,"C3Energy",2015-03-23 18:03:59,FALSE,NA,"580067483278704640","80626325","<a href=""http://twitter.com"" rel=""nofollow"">Twitter Web Client</a>","ets_conference",2,FALSE,FALSE,NA,NA
"149","@austinenergy Come and check out keynote speaker Larry Weis at ETS15 this week! @zpryme_research",FALSE,0,"austinenergy",2015-03-23 18:02:12,FALSE,NA,"580067033821237249","17515254","<a href=""http://twitter.com"" rel=""nofollow"">Twitter Web Client</a>","ets_conference",2,FALSE,FALSE,NA,NA
"150","@Oncor You're not going to want to miss Bob Shapard, keynote speaker at ETS15 this week! @zpryme_research 
#ETS15",FALSE,0,"oncor",2015-03-23 18:01:21,FALSE,NA,"580066821220352000","20518600","<a href=""http://twitter.com"" rel=""nofollow"">Twitter Web Client</a>","ets_conference",2,FALSE,FALSE,NA,NA
"151","@LCRA What will it take to power the future? Learn more with Phil Wilson at ETS15! @zpryme_research 
#ETS15",FALSE,0,"LCRA",2015-03-23 17:58:43,FALSE,NA,"580066155190050816","55350568","<a href=""http://twitter.com"" rel=""nofollow"">Twitter Web Client</a>","ets_conference",2,FALSE,FALSE,NA,NA
"152","What will it take to power the future? Learn more with Hunt Utility Services David Campbell at ETS15 @zpryme_research 
#ETS15",FALSE,0,NA,2015-03-23 17:56:21,FALSE,NA,"580065560517472256",NA,"<a href=""http://twitter.com"" rel=""nofollow"">Twitter Web Client</a>","ets_conference",2,FALSE,FALSE,NA,NA
"153","RT @Siemens_SG: Find out, ""What's next for the grid &amp; #utilities."" Coverage of our CTO Larsh Johnson @ets_conference on 3/25! #ets15 #smart…",FALSE,0,NA,2015-03-23 17:55:22,FALSE,NA,"580065313829494784",NA,"<a href=""http://twitter.com"" rel=""nofollow"">Twitter Web Client</a>","ets_conference",6,TRUE,FALSE,NA,NA
"154","Find out, ""What's next for the grid &amp; #utilities."" Coverage of our CTO Larsh Johnson @ets_conference on 3/25! #ets15 #smartcities",FALSE,4,NA,2015-03-23 17:55:05,FALSE,NA,"580065244275466240",NA,"<a href=""http://www.hootsuite.com"" rel=""nofollow"">Hootsuite</a>","Siemens_SG",6,FALSE,FALSE,NA,NA
"155","@DirectEnergy Learn more about the future of energy and energy tech market trends with Badar Khan at ETS15 @zpryme_research 
#ETS15",FALSE,0,"DirectEnergy",2015-03-23 17:53:13,FALSE,NA,"580064773104005121","16187972","<a href=""http://twitter.com"" rel=""nofollow"">Twitter Web Client</a>","ets_conference",2,FALSE,FALSE,NA,NA
"156","@rwbaird Learn more about the future of energy and energy tech market trends with J. Michael Horwitz at ETS15 @zpryme_research 
#ETS15",FALSE,0,"rwbaird",2015-03-23 17:51:26,FALSE,NA,"580064323155812352","190025356","<a href=""http://twitter.com"" rel=""nofollow"">Twitter Web Client</a>","ets_conference",2,FALSE,FALSE,NA,NA
"157","@cpsenergy Make sure you don't miss keynote speaker @Doyle_Beneby at ETS15 tommorow! @zpryme_research 
#ETS15",FALSE,1,"cpsenergy",2015-03-23 17:48:39,FALSE,NA,"580063625290764288","17471392","<a href=""http://twitter.com"" rel=""nofollow"">Twitter Web Client</a>","ets_conference",4,FALSE,FALSE,NA,NA
"158","RT @ClearBlade: This week! @ClearBlade CEO @esimone928  @ets_conference March 25-26 | http://t.co/AUzF18hEpc  | #MBaaS #IoT #smartgrid #Paa…",FALSE,0,NA,2015-03-23 15:44:22,FALSE,NA,"580032347883511808",NA,"<a href=""https://about.twitter.com/products/tweetdeck"" rel=""nofollow"">TweetDeck</a>","esimone928",3,TRUE,FALSE,NA,NA
"159","@ets_conference starts this week! Join Chairman Lou D'Ambrosio as he discusses #InternetofThings on Wednesday at 8:30 a.m.!",FALSE,0,"ets_conference",2015-03-23 15:01:24,FALSE,NA,"580021532497436672","2181263006","<a href=""http://www.hootsuite.com"" rel=""nofollow"">Hootsuite</a>","SensusGlobal",0,FALSE,FALSE,NA,NA
"160","RT @arnoldjon: ""Smart transportation-another sign of what's coming @ets_conference"" My latest: http://t.co/ZJDKyK6yM4 #ETS13 @zpryme_resear…",FALSE,0,NA,2015-03-23 14:57:17,FALSE,NA,"580020499201261569",NA,"<a href=""https://roundteam.co"" rel=""nofollow"">RoundTeam</a>","NodeSystems",1,TRUE,FALSE,NA,NA
"161","Our CTO, Andrew Wright on panel ETS15 in Austin this week - check it out @ets_conference | http://t.co/pYxNsWzXut",FALSE,0,NA,2015-03-23 14:39:27,FALSE,NA,"580016008737349633",NA,"<a href=""http://twitter.com"" rel=""nofollow"">Twitter Web Client</a>","NDimension1",0,FALSE,FALSE,NA,NA
"162","""Smart transportation-another sign of what's coming @ets_conference"" My latest: http://t.co/ZJDKyK6yM4 #ETS13 @zpryme_research #smartgrid",FALSE,0,NA,2015-03-23 13:56:16,FALSE,NA,"580005140868009984",NA,"<a href=""https://about.twitter.com/products/tweetdeck"" rel=""nofollow"">TweetDeck</a>","arnoldjon",1,FALSE,FALSE,NA,NA
"163","RT @ClearBlade: This week! @ClearBlade CEO @esimone928  @ets_conference March 25-26 | http://t.co/AUzF18hEpc  | #MBaaS #IoT #smartgrid #Paa…",FALSE,0,NA,2015-03-23 12:49:00,FALSE,NA,"579988213856669696",NA,"<a href=""http://twitter.com"" rel=""nofollow"">Twitter Web Client</a>","Michael__V",3,TRUE,FALSE,NA,NA
"164","This week! ClearBlade CEO esimone928  ets_conference March 25-26 | http://t.co/byp4Wud1m0  | #MBaaS #IoT #smartgrid #PaaS #CEO #CTO via C…",FALSE,1,NA,2015-03-23 12:45:15,FALSE,NA,"579987269861416960",NA,"<a href=""http://ifttt.com"" rel=""nofollow"">IFTTT</a>","iotattack",0,FALSE,FALSE,NA,NA
"165","This week! @ClearBlade CEO @esimone928  @ets_conference March 25-26 | http://t.co/AUzF18hEpc  | #MBaaS #IoT #smartgrid #PaaS #CEO #CTO",FALSE,7,NA,2015-03-23 12:36:15,FALSE,NA,"579985004563943424",NA,"<a href=""http://twitter.com"" rel=""nofollow"">Twitter Web Client</a>","ClearBlade",3,FALSE,FALSE,NA,NA
"166","RT @SimpTek: Excited to attend the Energy Thought Summit 2015 in Austin Tx http://t.co/mJjYzDZBV9 @ets_conference http://t.co/QOyZfyEyMl",FALSE,0,NA,2015-03-22 23:22:39,FALSE,NA,"579785289574518784",NA,"<a href=""http://twitter.com"" rel=""nofollow"">Twitter Web Client</a>","KeelenGagnon",1,TRUE,FALSE,NA,NA
"167","Excited to attend the Energy Thought Summit 2015 in Austin Tx http://t.co/mJjYzDZBV9 @ets_conference http://t.co/QOyZfyEyMl",FALSE,3,NA,2015-03-22 22:09:51,FALSE,NA,"579766970565976064",NA,"<a href=""http://twitter.com"" rel=""nofollow"">Twitter Web Client</a>","SimpTek",1,FALSE,FALSE,NA,NA
"168","RT @S_IPPP: Distributed #Intelligence Provides #Resilience in Storms @ets_conference @ssgovforum #ETS15 http://t.co/5AEV5iYVT0",FALSE,0,NA,2015-03-22 14:57:56,FALSE,NA,"579658274317840384",NA,"<a href=""http://blackberry.com/twitter"" rel=""nofollow"">Twitter for BlackBerry®</a>","ssgovforum",1,TRUE,FALSE,NA,NA
"169","Distributed #Intelligence Provides #Resilience in Storms @ets_conference @ssgovforum #ETS15 http://t.co/5AEV5iYVT0",FALSE,0,NA,2015-03-22 14:23:06,FALSE,NA,"579649508318965760",NA,"<a href=""http://www.apple.com"" rel=""nofollow"">iOS</a>","S_IPPP",1,FALSE,FALSE,NA,NA
"170","RT @jasonsrodriguez: Come for SXSW, stay for ETS! #TXenergy @ets_conference #ETS15 http://t.co/99ccM6oEfr @edfenergyex",FALSE,0,NA,2015-03-21 23:39:11,FALSE,NA,"579427060038287360",NA,"<a href=""http://twitter.com/download/iphone"" rel=""nofollow"">Twitter for iPhone</a>","S_IPPP",1,TRUE,FALSE,NA,NA
"171","@ets_conference #ETS15 #TexasNDRC Assemblage Theory at work. http://t.co/D4eH7cgdH9",FALSE,0,"ets_conference",2015-03-21 23:38:28,FALSE,NA,"579426882518528000","2181263006","<a href=""http://twitter.com/download/iphone"" rel=""nofollow"">Twitter for iPhone</a>","S_IPPP",1,FALSE,FALSE,NA,NA
"172","ETS, AAL &amp; GBB DELEGATES @ ALABAMA STATE SIGMA CONFERENCE AT ALABAMA STATE UNIVERSITY https://t.co/l2ttK7wTx9",FALSE,0,NA,2015-03-21 21:19:46,FALSE,NA,"579391978363883520",NA,"<a href=""http://instagram.com"" rel=""nofollow"">Instagram</a>","Noble_Knots_14",0,FALSE,FALSE,NA,NA
"173","RT @Siemens_Energy: RT @Siemens_SG Learn more about Evolving #Analytics. Live tweets of CTO Larsh Johnson's session @ets_conference on 3/25…",FALSE,0,NA,2015-03-21 16:25:47,FALSE,NA,"579317992644706304",NA,"<a href=""http://twitter.com/download/iphone"" rel=""nofollow"">Twitter for iPhone</a>","MahroofJilani",5,TRUE,FALSE,NA,NA
"174","In honor of #WorldPoetryDay ... Don't forget to submit a poem (or other written works) to our 2015 ETS UNDERGRADUATE CONFERENCE!",FALSE,0,NA,2015-03-21 15:06:18,FALSE,NA,"579297988918558721",NA,"<a href=""http://twitter.com"" rel=""nofollow"">Twitter Web Client</a>","SyracuseEnglish",0,FALSE,FALSE,NA,NA
"175","@FSGEnergy @ets_conference",FALSE,0,"FSGEnergy",2015-03-21 06:54:52,FALSE,"505026019053404161","579174317939806208","2651811912","<a href=""http://twitter.com/download/android"" rel=""nofollow"">Twitter for Android</a>","XtraTejasnews",0,FALSE,FALSE,NA,NA
"176","RT @S_IPPP: Can the #Texas #Energy System withstand a disaster this summer? Find out at @ets_conference #ETS15 3/26 @ 2pm: http://t.co/hybP…",FALSE,0,NA,2015-03-21 00:17:33,FALSE,NA,"579074330442641409",NA,"<a href=""http://twitter.com"" rel=""nofollow"">Twitter Web Client</a>","jasonsrodriguez",1,TRUE,FALSE,NA,NA
"177","RT @Siemens_Energy: RT @Siemens_SG Learn more about Evolving #Analytics. Live tweets of CTO Larsh Johnson's session @ets_conference on 3/25…",FALSE,0,NA,2015-03-20 23:52:03,FALSE,NA,"579067912025038848",NA,"<a href=""http://twitter.com"" rel=""nofollow"">Twitter Web Client</a>","ShwayComs",5,TRUE,FALSE,NA,NA
"178","RT @Siemens_Energy: RT @Siemens_SG Learn more about Evolving #Analytics. Live tweets of CTO Larsh Johnson's session @ets_conference on 3/25…",FALSE,0,NA,2015-03-20 22:45:12,FALSE,NA,"579051087526772736",NA,"<a href=""http://twitter.com/download/android"" rel=""nofollow"">Twitter for Android</a>","hayaldir_hayat",5,TRUE,FALSE,NA,NA
"179","This is what we call Energy^2! Attend the future of energy and energize 200 lives! @ets_conference @MLFNOW @Gridmates http://t.co/OmjIDtKEMn",FALSE,2,NA,2015-03-20 22:24:19,FALSE,NA,"579045834857148416",NA,"<a href=""http://twitter.com"" rel=""nofollow"">Twitter Web Client</a>","Gridmates",1,FALSE,FALSE,NA,NA
"180","RT Siemens_Energy ""RT Siemens_SG Learn more about Evolving #Analytics. Live tweets of CTO Larsh Johnson's session ets_conference on 3/25! #…",FALSE,0,NA,2015-03-20 22:11:01,FALSE,NA,"579042486091415552",NA,"<a href=""http://ifttt.com"" rel=""nofollow"">IFTTT</a>","Windpowr",0,FALSE,FALSE,NA,NA
"181","RT @Siemens_Energy: RT @Siemens_SG Learn more about Evolving #Analytics. Live tweets of CTO Larsh Johnson's session @ets_conference on 3/25…",FALSE,0,NA,2015-03-20 22:06:41,FALSE,NA,"579041397229031424",NA,"<a href=""http://twitter.com/download/iphone"" rel=""nofollow"">Twitter for iPhone</a>","RecruiterHouTX",5,TRUE,FALSE,NA,NA
"182","RT @Siemens_SG Learn more about Evolving #Analytics. Live tweets of CTO Larsh Johnson's session @ets_conference on 3/25! #smartcities",FALSE,1,NA,2015-03-20 22:05:39,FALSE,NA,"579041134900563968",NA,"<a href=""http://www.hootsuite.com"" rel=""nofollow"">Hootsuite</a>","Siemens_Energy",5,FALSE,FALSE,NA,NA
"183","RT @EquipePKP: Ajd, @PKP_Qc sera à l'ÉTS pour une conférence sur l'avenir énergétique du Québec. #réussir #CoursePQ http://t.co/Hs80UiMY05",FALSE,0,NA,2015-03-20 20:38:05,FALSE,NA,"579019099629563904",NA,"<a href=""http://twitter.com/#!/download/ipad"" rel=""nofollow"">Twitter for iPad</a>","louloubabba",6,TRUE,FALSE,NA,NA
"184","RT @EquipePKP: Ajd, @PKP_Qc sera à l'ÉTS pour une conférence sur l'avenir énergétique du Québec. #réussir #CoursePQ http://t.co/Hs80UiMY05",FALSE,0,NA,2015-03-20 20:30:37,FALSE,NA,"579017218324893696",NA,"<a href=""http://twitter.com"" rel=""nofollow"">Twitter Web Client</a>","MO_Neveu",6,TRUE,FALSE,NA,NA
"185","RT @EquipePKP: Ajd, @PKP_Qc sera à l'ÉTS pour une conférence sur l'avenir énergétique du Québec. #réussir #CoursePQ http://t.co/Hs80UiMY05",FALSE,0,NA,2015-03-20 19:46:05,FALSE,NA,"579006013610831872",NA,"<a href=""http://twitter.com"" rel=""nofollow"">Twitter Web Client</a>","JeanYvesFilion",6,TRUE,FALSE,NA,NA
"186","Can the #Texas #Energy System withstand a disaster this summer? Find out at @ets_conference #ETS15 3/26 @ 2pm: http://t.co/hybPvIUyJ9",FALSE,0,NA,2015-03-20 18:38:22,FALSE,NA,"578988970178019328",NA,"<a href=""http://twitter.com"" rel=""nofollow"">Twitter Web Client</a>","S_IPPP",1,FALSE,FALSE,NA,NA
"187","@PKP_Qc WTF la copulation des libellules au Zimbabwe (extrait de ça conférence énergétique à l'ÉTS) @etsmtl #polqc #etsmtl",FALSE,0,"PKP_Qc",2015-03-20 17:10:27,FALSE,NA,"578966845618782208","2842668855","<a href=""http://twitter.com/download/iphone"" rel=""nofollow"">Twitter for iPhone</a>","Mathieu_Drolet",0,FALSE,FALSE,NA,NA
"188","RT @Ameli9: Conférence de Pierre-Karl Péladeau à l'ETS pour parler d'enjeux énergétiques #polqc http://t.co/AU6oDIIbwV",FALSE,0,NA,2015-03-20 16:11:04,FALSE,NA,"578951903331102720",NA,"<a href=""http://twitter.com/#!/download/ipad"" rel=""nofollow"">Twitter for iPad</a>","kingkyor_kyor61",1,TRUE,FALSE,NA,NA
"189","RT @EquipePKP: Ajd, @PKP_Qc sera à l'ÉTS pour une conférence sur l'avenir énergétique du Québec. #réussir #CoursePQ http://t.co/Hs80UiMY05",FALSE,0,NA,2015-03-20 16:11:00,FALSE,NA,"578951883554975744",NA,"<a href=""http://twitter.com"" rel=""nofollow"">Twitter Web Client</a>","lisonprof01",6,TRUE,FALSE,NA,NA
"190","RT @EquipePKP: Ajd, @PKP_Qc sera à l'ÉTS pour une conférence sur l'avenir énergétique du Québec. #réussir #CoursePQ http://t.co/Hs80UiMY05",FALSE,0,NA,2015-03-20 16:07:05,FALSE,NA,"578950899445399553",NA,"<a href=""http://twitter.com/download/iphone"" rel=""nofollow"">Twitter for iPhone</a>","DuguayG",6,TRUE,FALSE,NA,NA
"191","Conférence de Pierre-Karl Péladeau à l'ETS pour parler d'enjeux énergétiques #polqc http://t.co/AU6oDIIbwV",FALSE,1,NA,2015-03-20 16:05:08,FALSE,NA,"578950409903071233",NA,"<a href=""http://www.apple.com"" rel=""nofollow"">iOS</a>","Ameli9",1,FALSE,FALSE,NA,NA
"192","RT @EquipePKP: Ajd, @PKP_Qc sera à l'ÉTS pour une conférence sur l'avenir énergétique du Québec. #réussir #CoursePQ http://t.co/Hs80UiMY05",FALSE,0,NA,2015-03-20 16:04:53,FALSE,NA,"578950345797320704",NA,"<a href=""http://twitter.com"" rel=""nofollow"">Twitter Web Client</a>","mapaquet",6,TRUE,FALSE,NA,NA
"193","@ets_conference - final shout-out and recap of my posts about the event: http://t.co/oqGMKxj4Rs @zpryme_research #ETS15 #smartgrid #energy",FALSE,0,"ets_conference",2015-03-20 15:55:16,FALSE,NA,"578947925390336001","2181263006","<a href=""https://about.twitter.com/products/tweetdeck"" rel=""nofollow"">TweetDeck</a>","arnoldjon",0,FALSE,FALSE,NA,NA
"194","Ajd, @PKP_Qc sera à l'ÉTS pour une conférence sur l'avenir énergétique du Québec. #réussir #CoursePQ http://t.co/Hs80UiMY05",FALSE,2,NA,2015-03-20 15:44:02,FALSE,NA,"578945100321017856",NA,"<a href=""http://twitter.com/download/iphone"" rel=""nofollow"">Twitter for iPhone</a>","EquipePKP",6,FALSE,FALSE,NA,NA
"195","RT @DRsmartgrid: MT @Siemens_SG: Want to learn more re: Evolving #Analytics? Live tweets of CTO Larsh Johnson's session @ets_conference on …",FALSE,0,NA,2015-03-20 14:55:14,FALSE,NA,"578932816316112896",NA,"<a href=""http://twitter.com"" rel=""nofollow"">Twitter Web Client</a>","MicrogridNews",1,TRUE,FALSE,NA,NA
"196",".@ets_conference seeks to be a different kind of energy conference. How so? Find out here: http://t.co/FAzDp5BQBU",FALSE,0,NA,2015-03-20 14:35:09,FALSE,NA,"578927765203845120",NA,"<a href=""http://www.hootsuite.com"" rel=""nofollow"">Hootsuite</a>","EDFEnergyEX",0,FALSE,FALSE,NA,NA
"197","MT @Siemens_SG: Want to learn more re: Evolving #Analytics? Live tweets of CTO Larsh Johnson's session @ets_conference on 3/25! #smartcities",FALSE,0,NA,2015-03-20 14:10:28,FALSE,NA,"578921550134423553",NA,"<a href=""http://www.hootsuite.com"" rel=""nofollow"">Hootsuite</a>","DRsmartgrid",1,FALSE,FALSE,NA,NA
"198","RT @Siemens_SG: What's next for the grid &amp; #utilities? Stay tuned for coverage of CTO Larsh Johnson @ets_conference on 3/25! #smartcities",FALSE,0,NA,2015-03-20 02:49:42,FALSE,NA,"578750231602466816",NA,"<a href=""http://twitter.com"" rel=""nofollow"">Twitter Web Client</a>","TecnoformasSA",9,TRUE,FALSE,NA,NA
"199","RT @LINKBYNETCanada: RDV le 23 avril - Conférence sur ""L’Internet des objets: opportunités et risques"" François Coallier- CIO ETS témoigner…",FALSE,0,NA,2015-03-20 01:48:47,FALSE,NA,"578734903111626752",NA,"<a href=""http://www.twitter.com"" rel=""nofollow"">Twitter for BlackBerry</a>","CharlesAubinLab",1,TRUE,FALSE,NA,NA
"200","RT @magbrac: @etsplc looking very much forward to my keynote during the Expert 360 Degree Feedback conference at ETS London! https://t.co/2…",FALSE,0,NA,2015-03-19 19:33:53,FALSE,NA,"578640553308487682",NA,"<a href=""http://twitter.com/download/iphone"" rel=""nofollow"">Twitter for iPhone</a>","etsplc",1,TRUE,FALSE,NA,NA
"201","RT @Siemens_SG: Want to learn more about Evolving #Analytics? Live tweets of CTO Larsh Johnson's session @ets_conference coming on 3/25! #s…",FALSE,0,NA,2015-03-19 19:04:03,FALSE,NA,"578633045378523136",NA,"<a href=""http://twitter.com/download/android"" rel=""nofollow"">Twitter for Android</a>","kevbeau68",1,TRUE,FALSE,NA,NA
"202","RT @Siemens_SG: What's next for the grid &amp; #utilities? Stay tuned for coverage of CTO Larsh Johnson @ets_conference on 3/25! #smartcities",FALSE,0,NA,2015-03-19 18:46:53,FALSE,NA,"578628728739090432",NA,"<a href=""http://twitter.com/download/iphone"" rel=""nofollow"">Twitter for iPhone</a>","MahroofJilani",9,TRUE,FALSE,NA,NA
"203","Want to learn more about Evolving #Analytics? Live tweets of CTO Larsh Johnson's session @ets_conference coming on 3/25! #smartcities",FALSE,0,NA,2015-03-19 18:35:15,FALSE,NA,"578625797856059393",NA,"<a href=""http://www.hootsuite.com"" rel=""nofollow"">Hootsuite</a>","Siemens_SG",1,FALSE,FALSE,NA,NA
"204","@etsplc looking very much forward to my keynote during the Expert 360 Degree Feedback conference at ETS London! https://t.co/2a3kOqXWFZ",FALSE,1,"etsplc",2015-03-19 18:32:44,FALSE,NA,"578625167607345152","88906264","<a href=""http://twitter.com/download/iphone"" rel=""nofollow"">Twitter for iPhone</a>","magbrac",1,FALSE,FALSE,NA,NA
"205","RT @Siemens_SG: What's next for the grid &amp; #utilities? Stay tuned for coverage of CTO Larsh Johnson @ets_conference on 3/25! #smartcities",FALSE,0,NA,2015-03-19 16:50:48,FALSE,NA,"578599514350686208",NA,"<a href=""http://twitter.com/download/android"" rel=""nofollow"">Twitter for Android</a>","MsSadiaMaqsood",9,TRUE,FALSE,NA,NA
"206","RT @Siemens_SG: What's next for the grid &amp; #utilities? Stay tuned for coverage of CTO Larsh Johnson @ets_conference on 3/25! #smartcities",FALSE,0,NA,2015-03-19 16:33:42,FALSE,NA,"578595211326050304",NA,"<a href=""http://twitter.com/download/iphone"" rel=""nofollow"">Twitter for iPhone</a>","RecruiterHouTX",9,TRUE,FALSE,NA,NA
"207","RT @LINKBYNETCanada: RDV-23 avril au Club St James-Conférence de François Coallier CIO ETS ""L’Internet des objets:opportunités et risques"" …",FALSE,0,NA,2015-03-19 16:13:52,FALSE,NA,"578590220460806145",NA,"<a href=""http://twitter.com/download/android"" rel=""nofollow"">Twitter for Android</a>","LC_LaurentC",1,TRUE,FALSE,NA,NA
"208","RT @Siemens_SG: What's next for the grid &amp; #utilities? Stay tuned for coverage of CTO Larsh Johnson @ets_conference on 3/25! #smartcities",FALSE,0,NA,2015-03-19 15:49:22,FALSE,NA,"578584054632611840",NA,"<a href=""http://twitter.com/download/android"" rel=""nofollow"">Twitter for Android</a>","lcdiaz1970",9,TRUE,FALSE,NA,NA
"209","RT @Siemens_SG: What's next for the grid &amp; #utilities? Stay tuned for coverage of CTO Larsh Johnson @ets_conference on 3/25! #smartcities",FALSE,0,NA,2015-03-19 15:46:53,FALSE,NA,"578583426103668737",NA,"<a href=""http://denbot.co"" rel=""nofollow"">DenBotApp</a>","E_nvention",9,TRUE,FALSE,NA,NA
"210","RT @Siemens_SG: What's next for the grid &amp; #utilities? Stay tuned for coverage of CTO Larsh Johnson @ets_conference on 3/25! #smartcities",FALSE,0,NA,2015-03-19 15:46:52,FALSE,NA,"578583422488088576",NA,"<a href=""http://twitter.com/download/android"" rel=""nofollow"">Twitter for Android</a>","muksss001",9,TRUE,FALSE,NA,NA
"211","RT Siemens_Energy ""RT Siemens_SG: What's next for the grid &amp; #utilities? Stay tuned for coverage of CTO Larsh Johnson ets_conference on 3/2…",FALSE,0,NA,2015-03-19 15:43:34,FALSE,NA,"578582594146676736",NA,"<a href=""http://ifttt.com"" rel=""nofollow"">IFTTT</a>","Windpowr",0,FALSE,FALSE,NA,NA
"212","RDV le 23 avril - Conférence sur ""L’Internet des objets: opportunités et risques"" François Coallier- CIO ETS témoignera. @maréférenceTI",FALSE,0,NA,2015-03-19 15:37:34,FALSE,NA,"578581083060641792",NA,"<a href=""http://twitter.com"" rel=""nofollow"">Twitter Web Client</a>","LINKBYNETCanada",1,FALSE,FALSE,NA,NA
"213","RT @Siemens_SG: What's next for the grid &amp; #utilities? Stay tuned for coverage of CTO Larsh Johnson @ets_conference on 3/25! #smartcities",FALSE,0,NA,2015-03-19 15:31:27,FALSE,NA,"578579542224195584",NA,"<a href=""http://www.hootsuite.com"" rel=""nofollow"">Hootsuite</a>","cpiper",0,FALSE,FALSE,NA,NA
"214","RT @Siemens_SG: What's next for the grid &amp; #utilities? Stay tuned for coverage of CTO Larsh Johnson @ets_conference on 3/25! #smartcities",FALSE,0,NA,2015-03-19 15:27:15,FALSE,NA,"578578485263908864",NA,"<a href=""http://twitter.com"" rel=""nofollow"">Twitter Web Client</a>","Siemens_Energy",9,TRUE,FALSE,NA,NA
"215","RT @jasonsrodriguez: Educating Energy Educator key to Powering the Future @ets_conference @tricleantech #ETS15 @FierceSmartGrid http://t.co…",FALSE,0,NA,2015-03-19 15:01:58,FALSE,NA,"578572123477704704",NA,"<a href=""http://twitter.com/download/iphone"" rel=""nofollow"">Twitter for iPhone</a>","tricleantech",1,TRUE,FALSE,NA,NA
"216","RDV-23 avril au Club St James-Conférence de François Coallier CIO ETS ""L’Internet des objets:opportunités et risques"" http://t.co/bU31I2ioX8",FALSE,0,NA,2015-03-19 14:35:30,FALSE,NA,"578565463204093952",NA,"<a href=""http://twitter.com"" rel=""nofollow"">Twitter Web Client</a>","LINKBYNETCanada",1,FALSE,FALSE,NA,NA
"217","Come and see us April 23 at the club St-james! @ActionTI TI host a conference on the internet of things,made by Francois Coallier,CIO at ETS",FALSE,0,NA,2015-03-19 14:21:42,FALSE,NA,"578561991096315904",NA,"<a href=""http://twitter.com"" rel=""nofollow"">Twitter Web Client</a>","CharlesAubinLab",0,FALSE,FALSE,NA,NA
"218","RT @Siemens_SG: What's next for the grid &amp; #utilities? Stay tuned for coverage of CTO Larsh Johnson @ets_conference on 3/25! #smartcities",FALSE,0,NA,2015-03-19 14:00:12,FALSE,NA,"578556581505298433",NA,"<a href=""https://roundteam.co"" rel=""nofollow"">RoundTeam</a>","homezillaorguk",9,TRUE,FALSE,NA,NA
"219","What's next for the grid &amp; #utilities? Stay tuned for coverage of CTO Larsh Johnson @ets_conference on 3/25! #smartcities",FALSE,2,NA,2015-03-19 13:55:25,FALSE,NA,"578555375034769408",NA,"<a href=""http://www.hootsuite.com"" rel=""nofollow"">Hootsuite</a>","Siemens_SG",9,FALSE,FALSE,NA,NA
